[{"__type__":"cc.SpriteFrame","content":{"name":"bg_get_mu2","texture":"55bojG46pMp4NYT0Eu419y","rect":[0,0,190,147],"offset":[0,0],"originalSize":[190,147],"capInsets":[0,0,0,0]}},{"__type__":"cc.SpriteFrame","content":{"name":"bg_get_guo3","texture":"e6LrCjwWhG4YAQPg6EldvM","rect":[0,0,190,147],"offset":[0,0],"originalSize":[190,147],"capInsets":[0,0,0,0]}},{"__type__":"cc.SpriteFrame","content":{"name":"bg_get_guo4","texture":"baTB7qyoxOY5mXa4KJ4m9P","rect":[0,0,190,147],"offset":[0,0],"originalSize":[190,147],"capInsets":[0,0,0,0]}},{"__type__":"cc.SpriteFrame","content":{"name":"bg_get_mu4","texture":"84Z9GMwPJDuYxjR1BLcucs","rect":[0,0,190,147],"offset":[0,0],"originalSize":[190,147],"capInsets":[0,0,0,0]}},{"__type__":"cc.SpriteFrame","content":{"name":"bg_get_mo2","texture":"4fN68OAMVJ0YF4wWs0sWwL","rect":[0,0,190,147],"offset":[0,0],"originalSize":[190,147],"capInsets":[0,0,0,0]}},{"__type__":"cc.SpriteFrame","content":{"name":"bg_get_mo1","texture":"517lHdyJJAAoSe9oWDh1YT","rect":[0,0,190,147],"offset":[0,0],"originalSize":[190,147],"capInsets":[0,0,0,0]}},{"__type__":"cc.SpriteFrame","content":{"name":"bg_get_mo4","texture":"d7Kou17OZK8LAI/RadAL8x","rect":[0,0,190,147],"offset":[0,0],"originalSize":[190,147],"capInsets":[0,0,0,0]}},{"__type__":"cc.SpriteFrame","content":{"name":"bg_get_circus1","texture":"ed1l9IU7ROqbvWEKbY/P6R","rect":[0,0,190,147],"offset":[0,0],"originalSize":[190,147],"capInsets":[0,0,0,0]}},{"__type__":"cc.SpriteFrame","content":{"name":"bg_middle_mo","texture":"d82J4zBDZFb6mBsbl+9OFt","rect":[0,0,196,147],"offset":[0,0],"originalSize":[196,147],"capInsets":[0,0,0,0]}},{"__type__":"cc.SpriteFrame","content":{"name":"ae_change1","texture":"38NRrEO9BI35YDit5OWU9m","rect":[396,1,61,61],"offset":[0,-1],"originalSize":[153,153],"capInsets":[0,0,0,0]}},{"__type__":"cc.SpriteFrame","content":{"name":"bg_get_mu1","texture":"00swz01PtJOZzIabUNUBNO","rect":[0,0,190,147],"offset":[0,0],"originalSize":[190,147],"capInsets":[0,0,0,0]}},{"__type__":"cc.SpriteFrame","content":{"name":"bg_horselight","texture":"23BPv93E1OU4wHjy3/AGp0","rect":[0,0,202,153],"offset":[0,0],"originalSize":[202,153],"capInsets":[0,0,0,0]}},{"__type__":"cc.SpriteFrame","content":{"name":"bg_get_mo3","texture":"64rM8c0ntP1oJ6ofgq1YpO","rect":[0,0,190,147],"offset":[0,0],"originalSize":[190,147],"capInsets":[0,0,0,0]}},{"__type__":"cc.SpriteFrame","content":{"name":"bg_middle_guo","texture":"62J1qCv6lBEJnG/7JyazgQ","rect":[0,2,196,145],"offset":[0,-1],"originalSize":[196,147],"capInsets":[0,0,0,0]}},{"__type__":"cc.SpriteFrame","content":{"name":"bg_middle_mu","texture":"97ZAddY+JK05FVY9A+QcY1","rect":[0,0,196,147],"offset":[0,0],"originalSize":[196,147],"capInsets":[0,0,0,0]}},{"__type__":"cc.SpriteFrame","content":{"name":"bg_get_circus3","texture":"aaL03WFy9EDLvuhvvazFLJ","rect":[0,0,190,147],"offset":[0,0],"originalSize":[190,147],"capInsets":[0,0,0,0]}},{"__type__":"cc.SpriteFrame","content":{"name":"bg_back0","texture":"9e5dmkvNpEkJVrYm3Mfm3I","rect":[3,0,190,140],"offset":[0,3.5],"originalSize":[196,147],"capInsets":[0,0,0,0]}},{"__type__":"cc.SpriteFrame","content":{"name":"bg_num_noget","texture":"4d343XCRdFz77p7JfrFzXE","rect":[0,0,202,153],"offset":[0,0],"originalSize":[202,153],"capInsets":[0,0,0,0]}},[{"__type__":"cc.Prefab","_name":"Card.50","data":{"__id__":1}},{"__type__":"cc.Node","_name":"Card.125","_children":[{"__id__":2},{"__id__":3},{"__id__":4},{"__id__":5},{"__id__":6},{"__id__":31},{"__id__":32},{"__id__":33}],"_level":1,"_components":[{"__type__":"cc.Button","node":{"__id__":1},"_N$transition":1,"transition":1,"_N$normalColor":{"__type__":"cc.Color","r":255,"g":255,"b":255},"_N$pressedColor":{"__type__":"cc.Color","r":200,"g":200,"b":200},"pressedColor":{"__type__":"cc.Color","r":200,"g":200,"b":200},"_N$disabledColor":{"__type__":"cc.Color","r":120,"g":120,"b":120,"a":200},"_N$normalSprite":{"__uuid__":"f0BIwQ8D5Ml7nTNQbh1YlS"},"_N$pressedSprite":{"__uuid__":"e97GVMl6JHh5Ml5qEDdSGa"},"pressedSprite":{"__uuid__":"e97GVMl6JHh5Ml5qEDdSGa"},"_N$hoverSprite":{"__uuid__":"f0BIwQ8D5Ml7nTNQbh1YlS"},"hoverSprite":{"__uuid__":"f0BIwQ8D5Ml7nTNQbh1YlS"},"_N$disabledSprite":{"__uuid__":"29FYIk+N1GYaeWH/q1NxQO"},"_N$target":{"__id__":2}},{"__type__":"abb83Mso7xFbKdwnWlntVp4","node":{"__id__":1}}],"_prefab":{"__type__":"cc.PrefabInfo","root":{"__id__":1},"asset":{"__uuid__":"90uANq40lN15BOH0FdiahR"},"fileId":"91wz3UNopHdI0M/KgIYq1O"},"_contentSize":{"__type__":"cc.Size","width":200,"height":147},"_position":{"__type__":"cc.Vec3","x":-419,"y":305},"_scale":{"__type__":"cc.Vec3","x":1,"y":1,"z":1}},{"__type__":"cc.Node","_name":"Background","_parent":{"__id__":1},"_level":2,"_components":[{"__type__":"cc.Sprite","node":{"__id__":2},"_spriteFrame":{"__uuid__":"7eUVX0sDtE2pOOcNEuUUhd"}}],"_prefab":{"__type__":"cc.PrefabInfo","root":{"__id__":1},"asset":{"__uuid__":"90uANq40lN15BOH0FdiahR"},"fileId":"efXpHt8H9FpLrFF+LOfe6n"},"_contentSize":{"__type__":"cc.Size","width":190,"height":140},"_scale":{"__type__":"cc.Vec3","x":1,"y":1,"z":1}},{"__type__":"cc.Node","_name":"Number","_parent":{"__id__":1},"_level":2,"_components":[{"__type__":"cc.Label","node":{"__id__":3},"_useOriginalSize":false,"_fontSize":60,"_lineHeight":60,"_enableWrapText":false,"_N$file":{"__uuid__":"bbF6Uk6C1CmbcqBDMmiDRN"},"_isSystemFontUsed":false,"_N$horizontalAlign":1,"_N$verticalAlign":1}],"_prefab":{"__type__":"cc.PrefabInfo","root":{"__id__":1},"asset":{"__uuid__":"90uANq40lN15BOH0FdiahR"},"fileId":"5dZ3acK5NEEq6Uk0D6h36B"},"_contentSize":{"__type__":"cc.Size","height":61.02},"_scale":{"__type__":"cc.Vec3","x":1.1,"y":1.1,"z":1}},{"__type__":"cc.Node","_name":"Star","_parent":{"__id__":1},"_level":2,"_components":[{"__type__":"cc.Sprite","node":{"__id__":4},"_spriteFrame":{"__uuid__":"efb4b59h1MsLXItgsU1zCO"}}],"_prefab":{"__type__":"cc.PrefabInfo","root":{"__id__":1},"asset":{"__uuid__":"90uANq40lN15BOH0FdiahR"},"fileId":"61xOwmh3xNG7+JvXerbi5f"},"_contentSize":{"__type__":"cc.Size","width":196,"height":147},"_position":{"__type__":"cc.Vec3","y":-3.5},"_scale":{"__type__":"cc.Vec3","x":1,"y":1,"z":1}},{"__type__":"cc.Node","_name":"Wrong","_parent":{"__id__":1},"_level":2,"_components":[{"__type__":"cc.Sprite","node":{"__id__":5},"_spriteFrame":{"__uuid__":"88zIyYQ05H5YMBylPECXos"}}],"_prefab":{"__type__":"cc.PrefabInfo","root":{"__id__":1},"asset":{"__uuid__":"90uANq40lN15BOH0FdiahR"},"fileId":"c1bnyL+fJL4JKB2V30i/cU"},"_opacity":0,"_contentSize":{"__type__":"cc.Size","width":202,"height":153},"_scale":{"__type__":"cc.Vec3","x":1,"y":1,"z":1}},{"__type__":"cc.Node","_name":"Bingo","_parent":{"__id__":1},"_children":[{"__id__":7},{"__id__":13},{"__id__":19},{"__id__":25}],"_level":2,"_prefab":{"__type__":"cc.PrefabInfo","root":{"__id__":1},"asset":{"__uuid__":"90uANq40lN15BOH0FdiahR"},"fileId":"3ehewY30RPdrfF8YtF6pnv"},"_scale":{"__type__":"cc.Vec3","x":1,"y":1,"z":1}},{"__type__":"cc.Node","_name":"Wheel","_parent":{"__id__":6},"_children":[{"__id__":8},{"__id__":9},{"__id__":10},{"__id__":11},{"__id__":12}],"_active":false,"_level":3,"_prefab":{"__type__":"cc.PrefabInfo","root":{"__id__":1},"asset":{"__uuid__":"90uANq40lN15BOH0FdiahR"},"fileId":"b9ARGoAU1NEozyvXIBvJh5"},"_scale":{"__type__":"cc.Vec3","x":1,"y":1,"z":1}},{"__type__":"cc.Node","_name":"0","_parent":{"__id__":7},"_active":false,"_level":3,"_components":[{"__type__":"cc.Sprite","node":{"__id__":8},"_spriteFrame":{"__uuid__":"43vScqT1lLQJN8s4Da2A/7"}}],"_prefab":{"__type__":"cc.PrefabInfo","root":{"__id__":1},"asset":{"__uuid__":"90uANq40lN15BOH0FdiahR"},"fileId":"57td927I9BMaX4xhEN8nYd"},"_contentSize":{"__type__":"cc.Size","width":196,"height":147},"_position":{"__type__":"cc.Vec3","y":-3.5},"_scale":{"__type__":"cc.Vec3","x":1,"y":1,"z":1}},{"__type__":"cc.Node","_name":"1","_parent":{"__id__":7},"_active":false,"_level":3,"_components":[{"__type__":"cc.Sprite","node":{"__id__":9},"_spriteFrame":{"__uuid__":"2eNJwlndhOybqku2stBq+2"}}],"_prefab":{"__type__":"cc.PrefabInfo","root":{"__id__":1},"asset":{"__uuid__":"90uANq40lN15BOH0FdiahR"},"fileId":"40s5nYp+tF0rTup1zjW1q/"},"_contentSize":{"__type__":"cc.Size","width":190,"height":147},"_position":{"__type__":"cc.Vec3","y":-1},"_scale":{"__type__":"cc.Vec3","x":1,"y":1,"z":1}},{"__type__":"cc.Node","_name":"2","_parent":{"__id__":7},"_active":false,"_level":3,"_components":[{"__type__":"cc.Sprite","node":{"__id__":10},"_spriteFrame":{"__uuid__":"2bEqogBV1NlrqiIESYiuUU"}}],"_prefab":{"__type__":"cc.PrefabInfo","root":{"__id__":1},"asset":{"__uuid__":"90uANq40lN15BOH0FdiahR"},"fileId":"d3wsYbSJFJU4zxVxLyjUC2"},"_contentSize":{"__type__":"cc.Size","width":190,"height":147},"_position":{"__type__":"cc.Vec3","y":0.5},"_scale":{"__type__":"cc.Vec3","x":1,"y":1,"z":1}},{"__type__":"cc.Node","_name":"3","_parent":{"__id__":7},"_active":false,"_level":3,"_components":[{"__type__":"cc.Sprite","node":{"__id__":11},"_spriteFrame":{"__uuid__":"65h3BK9dZO+akTbfePdawz"}}],"_prefab":{"__type__":"cc.PrefabInfo","root":{"__id__":1},"asset":{"__uuid__":"90uANq40lN15BOH0FdiahR"},"fileId":"7fE7up0oFEXZfcmDTUKZzU"},"_contentSize":{"__type__":"cc.Size","width":190,"height":147},"_position":{"__type__":"cc.Vec3","y":2},"_scale":{"__type__":"cc.Vec3","x":1,"y":1,"z":1}},{"__type__":"cc.Node","_name":"4","_parent":{"__id__":7},"_active":false,"_level":3,"_components":[{"__type__":"cc.Sprite","node":{"__id__":12},"_spriteFrame":{"__uuid__":"3aGxnC/bNNp6jO+SOG4yxZ"}}],"_prefab":{"__type__":"cc.PrefabInfo","root":{"__id__":1},"asset":{"__uuid__":"90uANq40lN15BOH0FdiahR"},"fileId":"f8CqTkb7dE5ZFNOroiFGcy"},"_contentSize":{"__type__":"cc.Size","width":190,"height":147},"_position":{"__type__":"cc.Vec3","y":3.5},"_scale":{"__type__":"cc.Vec3","x":1,"y":1,"z":1}},{"__type__":"cc.Node","_name":"Carousel","_parent":{"__id__":6},"_children":[{"__id__":14},{"__id__":15},{"__id__":16},{"__id__":17},{"__id__":18}],"_active":false,"_level":3,"_prefab":{"__type__":"cc.PrefabInfo","root":{"__id__":1},"asset":{"__uuid__":"90uANq40lN15BOH0FdiahR"},"fileId":"0b6tufhP5KiIa/4Acwp/C+"},"_scale":{"__type__":"cc.Vec3","x":1,"y":1,"z":1}},{"__type__":"cc.Node","_name":"0","_parent":{"__id__":13},"_active":false,"_level":3,"_components":[{"__type__":"cc.Sprite","node":{"__id__":14},"_spriteFrame":{"__uuid__":"6eCoR362NLMqk0eHMyd6Jd"}}],"_prefab":{"__type__":"cc.PrefabInfo","root":{"__id__":1},"asset":{"__uuid__":"90uANq40lN15BOH0FdiahR"},"fileId":"22U0gBUptJspN8YOU99zjD"},"_contentSize":{"__type__":"cc.Size","width":196,"height":147},"_position":{"__type__":"cc.Vec3","y":-3.5},"_scale":{"__type__":"cc.Vec3","x":1,"y":1,"z":1}},{"__type__":"cc.Node","_name":"1","_parent":{"__id__":13},"_active":false,"_level":3,"_components":[{"__type__":"cc.Sprite","node":{"__id__":15},"_spriteFrame":{"__uuid__":"50oWgm23NI05UAvr/b/5Mz"}}],"_prefab":{"__type__":"cc.PrefabInfo","root":{"__id__":1},"asset":{"__uuid__":"90uANq40lN15BOH0FdiahR"},"fileId":"84Wp+k6XNEm5xLej1vfwvG"},"_contentSize":{"__type__":"cc.Size","width":190,"height":147},"_position":{"__type__":"cc.Vec3","y":-1},"_scale":{"__type__":"cc.Vec3","x":1,"y":1,"z":1}},{"__type__":"cc.Node","_name":"2","_parent":{"__id__":13},"_active":false,"_level":3,"_components":[{"__type__":"cc.Sprite","node":{"__id__":16},"_spriteFrame":{"__uuid__":"07US5NNdhJWIq9I/GCPPG5"}}],"_prefab":{"__type__":"cc.PrefabInfo","root":{"__id__":1},"asset":{"__uuid__":"90uANq40lN15BOH0FdiahR"},"fileId":"aeC3kgrRVLX4JrRfNiYHAo"},"_contentSize":{"__type__":"cc.Size","width":190,"height":147},"_position":{"__type__":"cc.Vec3","y":0.5},"_scale":{"__type__":"cc.Vec3","x":1,"y":1,"z":1}},{"__type__":"cc.Node","_name":"3","_parent":{"__id__":13},"_active":false,"_level":3,"_components":[{"__type__":"cc.Sprite","node":{"__id__":17},"_spriteFrame":{"__uuid__":"9dhN+fGyZDLpdGtTMDwiYo"}}],"_prefab":{"__type__":"cc.PrefabInfo","root":{"__id__":1},"asset":{"__uuid__":"90uANq40lN15BOH0FdiahR"},"fileId":"6ftPzp30NJloTERJv4oQTV"},"_contentSize":{"__type__":"cc.Size","width":190,"height":147},"_position":{"__type__":"cc.Vec3","y":2},"_scale":{"__type__":"cc.Vec3","x":1,"y":1,"z":1}},{"__type__":"cc.Node","_name":"4","_parent":{"__id__":13},"_active":false,"_level":3,"_components":[{"__type__":"cc.Sprite","node":{"__id__":18},"_spriteFrame":{"__uuid__":"2aqyPNBYBMQKxroOO6G/gV"}}],"_prefab":{"__type__":"cc.PrefabInfo","root":{"__id__":1},"asset":{"__uuid__":"90uANq40lN15BOH0FdiahR"},"fileId":"c5zSdy2alEMqv/F4AIXzy9"},"_contentSize":{"__type__":"cc.Size","width":190,"height":147},"_position":{"__type__":"cc.Vec3","y":3.5},"_scale":{"__type__":"cc.Vec3","x":1,"y":1,"z":1}},{"__type__":"cc.Node","_name":"Roller","_parent":{"__id__":6},"_children":[{"__id__":20},{"__id__":21},{"__id__":22},{"__id__":23},{"__id__":24}],"_active":false,"_level":3,"_prefab":{"__type__":"cc.PrefabInfo","root":{"__id__":1},"asset":{"__uuid__":"90uANq40lN15BOH0FdiahR"},"fileId":"69c96Yz+9HPpl1wfofUsf1"},"_scale":{"__type__":"cc.Vec3","x":1,"y":1,"z":1}},{"__type__":"cc.Node","_name":"0","_parent":{"__id__":19},"_active":false,"_level":3,"_components":[{"__type__":"cc.Sprite","node":{"__id__":20},"_spriteFrame":{"__uuid__":"6dL2QJZodCOLRAsii1qvxk"}}],"_prefab":{"__type__":"cc.PrefabInfo","root":{"__id__":1},"asset":{"__uuid__":"90uANq40lN15BOH0FdiahR"},"fileId":"9awfhut6ZArYQQ6Dxh8fgw"},"_contentSize":{"__type__":"cc.Size","width":196,"height":145},"_position":{"__type__":"cc.Vec3","y":-3.5},"_scale":{"__type__":"cc.Vec3","x":1,"y":1,"z":1}},{"__type__":"cc.Node","_name":"1","_parent":{"__id__":19},"_active":false,"_level":3,"_components":[{"__type__":"cc.Sprite","node":{"__id__":21},"_spriteFrame":{"__uuid__":"d9mWm3ECBF95672XWA1eRV"}}],"_prefab":{"__type__":"cc.PrefabInfo","root":{"__id__":1},"asset":{"__uuid__":"90uANq40lN15BOH0FdiahR"},"fileId":"f8LMAQRrJGI65UPupnTdb+"},"_contentSize":{"__type__":"cc.Size","width":190,"height":147},"_position":{"__type__":"cc.Vec3","y":-1},"_scale":{"__type__":"cc.Vec3","x":1,"y":1,"z":1}},{"__type__":"cc.Node","_name":"2","_parent":{"__id__":19},"_active":false,"_level":3,"_components":[{"__type__":"cc.Sprite","node":{"__id__":22},"_spriteFrame":{"__uuid__":"edrK3iSaFBoYnZ9iPLLWMN"}}],"_prefab":{"__type__":"cc.PrefabInfo","root":{"__id__":1},"asset":{"__uuid__":"90uANq40lN15BOH0FdiahR"},"fileId":"b2Mk2vUkBIapZMErC2vp/Z"},"_contentSize":{"__type__":"cc.Size","width":190,"height":147},"_position":{"__type__":"cc.Vec3","y":0.5},"_scale":{"__type__":"cc.Vec3","x":1,"y":1,"z":1}},{"__type__":"cc.Node","_name":"3","_parent":{"__id__":19},"_active":false,"_level":3,"_components":[{"__type__":"cc.Sprite","node":{"__id__":23},"_spriteFrame":{"__uuid__":"0fFh5VGn1Mz5axh72Be6RY"}}],"_prefab":{"__type__":"cc.PrefabInfo","root":{"__id__":1},"asset":{"__uuid__":"90uANq40lN15BOH0FdiahR"},"fileId":"38DQDGj7hI5I05ACcF5/7d"},"_contentSize":{"__type__":"cc.Size","width":190,"height":147},"_position":{"__type__":"cc.Vec3","y":2},"_scale":{"__type__":"cc.Vec3","x":1,"y":1,"z":1}},{"__type__":"cc.Node","_name":"4","_parent":{"__id__":19},"_active":false,"_level":3,"_components":[{"__type__":"cc.Sprite","node":{"__id__":24},"_spriteFrame":{"__uuid__":"25m1RuRvhIJ6ueOXjC2gNc"}}],"_prefab":{"__type__":"cc.PrefabInfo","root":{"__id__":1},"asset":{"__uuid__":"90uANq40lN15BOH0FdiahR"},"fileId":"7dtqWV079LwrDHNlQbT1fP"},"_contentSize":{"__type__":"cc.Size","width":190,"height":147},"_position":{"__type__":"cc.Vec3","y":3.5},"_scale":{"__type__":"cc.Vec3","x":1,"y":1,"z":1}},{"__type__":"cc.Node","_name":"Circus","_parent":{"__id__":6},"_children":[{"__id__":26},{"__id__":27},{"__id__":28},{"__id__":29},{"__id__":30}],"_active":false,"_level":3,"_prefab":{"__type__":"cc.PrefabInfo","root":{"__id__":1},"asset":{"__uuid__":"90uANq40lN15BOH0FdiahR"},"fileId":"e4Ux8XdthEGafDRXpz3U58"},"_scale":{"__type__":"cc.Vec3","x":1,"y":1,"z":1}},{"__type__":"cc.Node","_name":"0","_parent":{"__id__":25},"_active":false,"_level":3,"_components":[{"__type__":"cc.Sprite","node":{"__id__":26},"_spriteFrame":{"__uuid__":"eaxvoI/59LLpjyoBllwnLo"}}],"_prefab":{"__type__":"cc.PrefabInfo","root":{"__id__":1},"asset":{"__uuid__":"90uANq40lN15BOH0FdiahR"},"fileId":"dfzVxZtuZISr9Rb5m1fMmW"},"_contentSize":{"__type__":"cc.Size","width":196,"height":147},"_position":{"__type__":"cc.Vec3","y":-3.5},"_scale":{"__type__":"cc.Vec3","x":1,"y":1,"z":1}},{"__type__":"cc.Node","_name":"1","_parent":{"__id__":25},"_active":false,"_level":3,"_components":[{"__type__":"cc.Sprite","node":{"__id__":27},"_spriteFrame":{"__uuid__":"3bj3AKr49NcoSW/729q5Gp"}}],"_prefab":{"__type__":"cc.PrefabInfo","root":{"__id__":1},"asset":{"__uuid__":"90uANq40lN15BOH0FdiahR"},"fileId":"1fMJiXjpxAUYGGnkZB0i7G"},"_contentSize":{"__type__":"cc.Size","width":190,"height":147},"_position":{"__type__":"cc.Vec3","y":-1},"_scale":{"__type__":"cc.Vec3","x":1,"y":1,"z":1}},{"__type__":"cc.Node","_name":"2","_parent":{"__id__":25},"_active":false,"_level":3,"_components":[{"__type__":"cc.Sprite","node":{"__id__":28},"_spriteFrame":{"__uuid__":"fbvYG+d0tAp5ip8G7k+g9F"}}],"_prefab":{"__type__":"cc.PrefabInfo","root":{"__id__":1},"asset":{"__uuid__":"90uANq40lN15BOH0FdiahR"},"fileId":"cc0pt2FxVDnYkpBDmmUxin"},"_contentSize":{"__type__":"cc.Size","width":190,"height":147},"_position":{"__type__":"cc.Vec3","y":0.5},"_scale":{"__type__":"cc.Vec3","x":1,"y":1,"z":1}},{"__type__":"cc.Node","_name":"3","_parent":{"__id__":25},"_active":false,"_level":3,"_components":[{"__type__":"cc.Sprite","node":{"__id__":29},"_spriteFrame":{"__uuid__":"78t2b65ZFPlb4ay3yStSW4"}}],"_prefab":{"__type__":"cc.PrefabInfo","root":{"__id__":1},"asset":{"__uuid__":"90uANq40lN15BOH0FdiahR"},"fileId":"acJg5/QstKW5oefCFUeZuC"},"_contentSize":{"__type__":"cc.Size","width":190,"height":147},"_position":{"__type__":"cc.Vec3","y":2},"_scale":{"__type__":"cc.Vec3","x":1,"y":1,"z":1}},{"__type__":"cc.Node","_name":"4","_parent":{"__id__":25},"_active":false,"_level":3,"_components":[{"__type__":"cc.Sprite","node":{"__id__":30},"_spriteFrame":{"__uuid__":"f3kjSJMNdPXINkqwvx746L"}}],"_prefab":{"__type__":"cc.PrefabInfo","root":{"__id__":1},"asset":{"__uuid__":"90uANq40lN15BOH0FdiahR"},"fileId":"36WuC6RXtHVYxGLGO/tq9D"},"_contentSize":{"__type__":"cc.Size","width":190,"height":147},"_position":{"__type__":"cc.Vec3","y":3.5},"_scale":{"__type__":"cc.Vec3","x":1,"y":1,"z":1}},{"__type__":"cc.Node","_name":"BingoTimes","_parent":{"__id__":1},"_level":2,"_components":[{"__type__":"cc.Label","node":{"__id__":31},"_useOriginalSize":false,"_fontSize":60,"_lineHeight":60,"_N$horizontalAlign":1,"_N$verticalAlign":1}],"_prefab":{"__type__":"cc.PrefabInfo","root":{"__id__":1},"asset":{"__uuid__":"90uANq40lN15BOH0FdiahR"},"fileId":"26GUwLWnZLQLfrmQeLje8K"},"_color":{"__type__":"cc.Color"},"_contentSize":{"__type__":"cc.Size","height":60},"_scale":{"__type__":"cc.Vec3","x":1,"y":1,"z":1}},{"__type__":"cc.Node","_name":"Mouse","_parent":{"__id__":1},"_active":false,"_level":2,"_components":[{"__type__":"cc.Sprite","node":{"__id__":32},"_spriteFrame":{"__uuid__":"61DOn5B/pLrYeM9V02qgeR"}}],"_prefab":{"__type__":"cc.PrefabInfo","root":{"__id__":1},"asset":{"__uuid__":"90uANq40lN15BOH0FdiahR"},"fileId":"94l6JvIFdCH7W8zMH8re+N"},"_contentSize":{"__type__":"cc.Size","width":202,"height":153},"_position":{"__type__":"cc.Vec3","y":1.3},"_scale":{"__type__":"cc.Vec3","x":1,"y":1,"z":1}},{"__type__":"cc.Node","_name":"Magic","_parent":{"__id__":1},"_level":2,"_components":[{"__type__":"cc.Sprite","node":{"__id__":33},"_spriteFrame":{"__uuid__":"4amylFA6ZED6GK3QMrovq+"}},{"__type__":"40ac1Eu6RlIMb5+29+y7eVp","node":{"__id__":33},"Frames":{"__uuid__":"edzWSYSixBIKZZkjwRQ8P6"}}],"_prefab":{"__type__":"cc.PrefabInfo","root":{"__id__":1},"asset":{"__uuid__":"90uANq40lN15BOH0FdiahR"},"fileId":"b2Id8Jyo5OOZPZOQEhH5Tp"},"_contentSize":{"__type__":"cc.Size","width":61,"height":61},"_position":{"__type__":"cc.Vec3","x":-1},"_scale":{"__type__":"cc.Vec3","x":2,"y":2,"z":1}}],{"__type__":"cc.SpriteFrame","content":{"name":"bg_get_mu3","texture":"72Mg/RQU9HUqi0dDUYq6CD","rect":[0,0,190,147],"offset":[0,0],"originalSize":[190,147],"capInsets":[0,0,0,0]}},{"__type__":"cc.SpriteFrame","content":{"name":"bg_get_guo1","texture":"5cuC8IE5pHXqfDBHNheCJn","rect":[0,0,190,147],"offset":[0,0],"originalSize":[190,147],"capInsets":[0,0,0,0]}},{"__type__":"cc.SpriteFrame","content":{"name":"bg_middle_circus","texture":"e2rYlg8WVNpbH9+atC2c0h","rect":[0,0,196,147],"offset":[0,0],"originalSize":[196,147],"capInsets":[0,0,0,0]}},{"__type__":"cc.SpriteFrame","content":{"name":"bg_get_guo2","texture":"3fzM+f5FhMe6c/ASlbbVw5","rect":[0,0,190,147],"offset":[0,0],"originalSize":[190,147],"capInsets":[0,0,0,0]}},{"__type__":"cc.SpriteFrame","content":{"name":"bg_num_get","texture":"daHT5exs5FMqFDC5p4bXJD","rect":[0,0,196,147],"offset":[0,0],"originalSize":[196,147],"capInsets":[0,0,0,0]}},{"__type__":"cc.SpriteFrame","content":{"name":"bg_get_circus4","texture":"81kUUUuNFB+J54W2RSpXXs","rect":[0,0,190,147],"offset":[0,0],"originalSize":[190,147],"capInsets":[0,0,0,0]}},{"__type__":"cc.SpriteFrame","content":{"name":"bg_get_circus2","texture":"fbKMDzHEFNELw7UqOlRtoH","rect":[0,0,190,147],"offset":[0,0],"originalSize":[190,147],"capInsets":[0,0,0,0]}}]