[{"__type__":"cc.SpriteFrame","content":{"name":"ae_change6","texture":"38NRrEO9BI35YDit5OWU9m","rect":[259,1,135,119],"offset":[-9,-3],"originalSize":[153,153],"capInsets":[0,0,0,0]}},{"__type__":"cc.SpriteFrame","content":{"name":"ae_change1","texture":"38NRrEO9BI35YDit5OWU9m","rect":[396,1,61,61],"offset":[0,-1],"originalSize":[153,153],"capInsets":[0,0,0,0]}},{"__type__":"cc.SpriteFrame","content":{"name":"ae_change2","texture":"38NRrEO9BI35YDit5OWU9m","rect":[84,144,69,69],"offset":[0,-1],"originalSize":[153,153],"capInsets":[0,0,0,0]}},{"__type__":"cc.SpriteFrame","content":{"name":"ae_change4","texture":"38NRrEO9BI35YDit5OWU9m","rect":[155,136,109,99],"offset":[-6,-1],"originalSize":[153,153],"capInsets":[0,0,0,0]}},{"__type__":"cc.SpriteFrame","content":{"name":"ae_change7","texture":"38NRrEO9BI35YDit5OWU9m","rect":[1,1,141,127],"offset":[-6,-1],"originalSize":[153,153],"rotated":1,"capInsets":[0,0,0,0]}},{"__type__":"cc.SpriteFrame","content":{"name":"ae_change5","texture":"38NRrEO9BI35YDit5OWU9m","rect":[266,122,133,113],"offset":[-10,-4],"originalSize":[153,153],"capInsets":[0,0,0,0]}},{"__type__":"cc.SpriteAtlas","_name":"magic_change.plist","_spriteFrames":{"ae_change1":{"__uuid__":"4amylFA6ZED6GK3QMrovq+"},"ae_change2":{"__uuid__":"5cUjsirHRKSaa+EGLZARbY"},"ae_change3":{"__uuid__":"efH0P93ItIDpGwBGrNpuJY"},"ae_change4":{"__uuid__":"85JHs+ZqdEDJ974SdG7MwJ"},"ae_change5":{"__uuid__":"9dMZO/amtPj5/PYGB9H3qN"},"ae_change6":{"__uuid__":"15wyhV+R1JDrd/b1Go7r++"},"ae_change7":{"__uuid__":"8e4feQ/E9IeIup59F7VgGQ"},"ae_change8":{"__uuid__":"f5uiSjai9ORZv98I/wscYV"}}},{"__type__":"cc.SpriteFrame","content":{"name":"ae_change3","texture":"38NRrEO9BI35YDit5OWU9m","rect":[1,144,87,81],"offset":[-4,-1],"originalSize":[153,153],"rotated":1,"capInsets":[0,0,0,0]}},{"__type__":"cc.SpriteFrame","content":{"name":"ae_change8","texture":"38NRrEO9BI35YDit5OWU9m","rect":[130,1,133,127],"offset":[-4,-1],"originalSize":[153,153],"rotated":1,"capInsets":[0,0,0,0]}}]