[{"__type__":"cc.SpriteFrame","content":{"name":"bg_5s","texture":"c72ZwWWE9C+otBqbvQsjYE","rect":[0,0,274,86],"offset":[0,0],"originalSize":[274,86],"capInsets":[0,0,0,0]}},[{"__type__":"cc.Prefab","_name":"TimeBonus.5","data":{"__id__":1}},{"__type__":"cc.Node","_name":"TimeBonus.5","_level":1,"_components":[{"__type__":"cc.Sprite","node":{"__id__":1},"_spriteFrame":{"__uuid__":"181fGI+wtNL5MrgVKhguoq"}},{"__type__":"e173aWv7rdBm6Av7NvVi4Ci","node":{"__id__":1}}],"_prefab":{"__type__":"cc.PrefabInfo","root":{"__id__":1},"asset":{"__uuid__":"b36TXNbYZDJ7HKmw+j3Xi2"},"fileId":"6d4U80rMtMR6s2Xb3wtr4F"},"_contentSize":{"__type__":"cc.Size","width":274,"height":86},"_scale":{"__type__":"cc.Vec3","x":1,"y":1,"z":1}}]]