[{"__type__":"cc.SpriteFrame","content":{"name":"ae_get4","texture":"dbhI9gQtNJwpWjvbhbMCh2","rect":[26,11,213,209],"offset":[10.5,-1.5],"originalSize":[244,228],"capInsets":[0,0,0,0]}},{"__type__":"cc.AnimationClip","_name":"skill_get","_duration":0.5,"curveData":{"paths":{"ae_get1":{"comps":{"cc.Sprite":{"spriteFrame":[{"frame":0,"value":{"__uuid__":"deUKQivmJA6b5MVM3OAiIz"}},{"frame":0.08333333333333333,"value":{"__uuid__":"f2JovbOg1JJoGz8W7iZLUR"}},{"frame":0.16666666666666666,"value":{"__uuid__":"a0CqiywtBBtbWkevKsu9mv"}},{"frame":0.25,"value":{"__uuid__":"27/Fh3GWFAmIQLOnqqqncA"}},{"frame":0.3333333333333333,"value":{"__uuid__":"c2aHMb5fRP4LVdxrPNsvYM"}},{"frame":0.4166666666666667,"value":{"__uuid__":"9bv84r2ytO9K37ZriDNwrB"}}]}},"props":{"opacity":[{"frame":0,"value":255},{"frame":0.4166666666666667,"value":255},{"frame":0.5,"value":0}]}}}}},{"__type__":"cc.SpriteFrame","content":{"name":"ae_get6","texture":"969MjmYFxIcbL+gBXvHY1e","rect":[17,8,217,210],"offset":[3.5,1],"originalSize":[244,228],"capInsets":[0,0,0,0]}},{"__type__":"cc.SpriteFrame","content":{"name":"ae_get3","texture":"b16U5SfS9EOpPsEt+E+/OC","rect":[0,15,244,202],"offset":[0,-2],"originalSize":[244,228],"capInsets":[0,0,0,0]}},[{"__type__":"cc.Prefab","_name":"Skill.3","data":{"__id__":1}},{"__type__":"cc.Node","_name":"Skill.3","_children":[{"__id__":2},{"__id__":3}],"_level":1,"_components":[{"__type__":"cc.Button","node":{"__id__":1},"_N$transition":1,"transition":1,"_N$normalColor":{"__type__":"cc.Color","r":230,"g":230,"b":230},"_N$pressedColor":{"__type__":"cc.Color","r":200,"g":200,"b":200},"pressedColor":{"__type__":"cc.Color","r":200,"g":200,"b":200},"_N$disabledColor":{"__type__":"cc.Color","r":120,"g":120,"b":120,"a":200},"_N$normalSprite":{"__uuid__":"f0BIwQ8D5Ml7nTNQbh1YlS"},"_N$pressedSprite":{"__uuid__":"e97GVMl6JHh5Ml5qEDdSGa"},"pressedSprite":{"__uuid__":"e97GVMl6JHh5Ml5qEDdSGa"},"_N$hoverSprite":{"__uuid__":"f0BIwQ8D5Ml7nTNQbh1YlS"},"hoverSprite":{"__uuid__":"f0BIwQ8D5Ml7nTNQbh1YlS"},"_N$disabledSprite":{"__uuid__":"29FYIk+N1GYaeWH/q1NxQO"},"_N$target":{"__id__":2}},{"__type__":"cc.Sprite","node":{"__id__":1},"_enabled":false,"_spriteFrame":{"__uuid__":"a2MjXRFdtLlYQ5ouAFv/+R"},"_sizeMode":0},{"__type__":"02d8d4FjeFEz4GYY7djfM63","node":{"__id__":1}},{"__type__":"cc.Animation","node":{"__id__":1},"_defaultClip":{"__uuid__":"98VZbJwoRLhar1koPv599S"},"_clips":[{"__uuid__":"98VZbJwoRLhar1koPv599S"}]}],"_prefab":{"__type__":"cc.PrefabInfo","root":{"__id__":1},"asset":{"__uuid__":"a1IPVld/lKgr4rVHR+KPdm"},"fileId":"97WIqoqoBKS4yZfrN6Bhwu"},"_contentSize":{"__type__":"cc.Size","width":150,"height":161},"_position":{"__type__":"cc.Vec3","y":67},"_scale":{"__type__":"cc.Vec3","x":1,"y":1,"z":1}},{"__type__":"cc.Node","_name":"Background","_parent":{"__id__":1},"_level":2,"_components":[{"__type__":"cc.Sprite","node":{"__id__":2},"_spriteFrame":{"__uuid__":"b6HTQR6VBLz6bnfTfQBOaP"}}],"_prefab":{"__type__":"cc.PrefabInfo","root":{"__id__":1},"asset":{"__uuid__":"a1IPVld/lKgr4rVHR+KPdm"},"fileId":"43bOZ0oW5N9p3/B3VM/Mgu"},"_color":{"__type__":"cc.Color","r":230,"g":230,"b":230},"_contentSize":{"__type__":"cc.Size","width":130,"height":134},"_scale":{"__type__":"cc.Vec3","x":1,"y":1,"z":1}},{"__type__":"cc.Node","_name":"ae_get1","_parent":{"__id__":1},"_level":2,"_components":[{"__type__":"cc.Sprite","node":{"__id__":3},"_spriteFrame":{"__uuid__":"deUKQivmJA6b5MVM3OAiIz"},"_isTrimmedMode":false}],"_prefab":{"__type__":"cc.PrefabInfo","root":{"__id__":1},"asset":{"__uuid__":"a1IPVld/lKgr4rVHR+KPdm"},"fileId":"20ft/pMM5Dx4liiqGf9LyR"},"_opacity":0,"_contentSize":{"__type__":"cc.Size","width":117,"height":119},"_scale":{"__type__":"cc.Vec3","x":1,"y":1,"z":1}}],{"__type__":"cc.SpriteFrame","content":{"name":"ae_get5","texture":"bdts45gKFPyrRhrRC2VuRc","rect":[17,8,217,210],"offset":[3.5,1],"originalSize":[244,228],"capInsets":[0,0,0,0]}},{"__type__":"cc.SpriteFrame","content":{"name":"ae_get1","texture":"26+w7znPNL66jsUMKV4lmd","rect":[65,46,117,119],"offset":[1.5,8.5],"originalSize":[244,228],"capInsets":[0,0,0,0]}},{"__type__":"cc.SpriteFrame","content":{"name":"ae_get2","texture":"d3cHXCx3hFOJUTj7bmHreI","rect":[45,32,153,158],"offset":[-0.5,3],"originalSize":[244,228],"capInsets":[0,0,0,0]}}]